alias varadh vrajan1996@gmail.com
alias sai saieswari.cs@gmail.com # Friend
alias abhas abhas@mostlyharmless.io # Mostlyharmless
alias nitika nitika@zensciences.com # Zensciences
alias adit adit@zensciences.com # Zensciences
alias aniket aniket@zensciences.com # Zensciences

alias zen-core nitika aniket
alias zen-all nitika aniket adit
alias mahima mahima@zensciences.com # Zensciences
